author,score,subreddit,timestamp,title,text,year_month
httptienabeso,1,Anxiety,2022-02-13 06:32:53,dae lot ocdlike symptom diagnosed gad major depression,stressful symptom include obsession specific past event obsession number multiple obsession color obsession thing right obsession good luck bad luck obsession morality constant ifs compulsively redoing past compulsively fixing specific event find closure rewatching rereading rereminding thing want forget fixating every decision make case incorrectly change future obsession depersonalization feeling exactly like obessions specific thing wear avoiding specific color number name food smell texture etc intense therapy prozac right doctor really acknowledge specific symptom help stressful explain anyone else symptom diagnosed gad,2022-02
LifeisapainintheAss,1,SuicideWatch,2020-12-02 07:46:06,nobody home easily right,done done mom pill hand hour stared take,2020-12
olololoh12,1,mentalhealth,2021-10-30 01:41:16,dont even kid im scared might ruin mental health,dramatic dont see spending time online benefit life there reasearch support zuckerbergs hypothesis,2021-10
sweetart94,1,Anxiety,2021-10-14 22:30:09,bad tea bad water,made cup peppermint tea help stomach took one pretty big mouthful hit back throat tasted really spicy gross swallowed quickly get taste gross acid reflux minute later boiled tap water usually tap water fine left bag tea minute cooled ive left much longer always fine pretty bad emetophobia im kind worried hoping tea strong maybe odd taste mixed mouth peppermint tea get spicy way strong ive drinking plain year dont think ive ever tasted like lol wish wouldve spit even though wasnt much look way darker normal dumped water used pitcher clear,2021-10
BioTaupe,2,SuicideWatch,2021-03-04 02:51:02,need relief,tired tired narcissistic bos always back lazy selfindulgent colleague job interview going wrong inadequate queer self cant cope anymore matter many leaf many hour sleep take im always overwhelmed frustrated tired ive another catastrophic crappy job interview guess signal stop dead weight leave,2021-03
LOLBacon43,1,lonely,2020-01-28 19:36:18,another rant sub,constant predicament wanting help wanting ask feel like begging attention say hey sad help without seeming repetitive also feel like say many people know either close enough know help made worse another thing look people going feel like disqualifies life sad like oh sad bacon kinda lame happy wrong need someone life talk problem without toxic behavior people know friend tell feel without picked hurt open need feel safe want feel okay people comment appreciate offer help probably going take want taking life story trying nice sorry,2020-01
Chirnside16,1,lonely,2021-11-23 02:00:04,talk someone,feel sad rn,2021-11
blatantmutant,1,depression,2022-08-28 16:26:07,,im withdrawn bank account im past due two month amex card paid somehow insulin without insurance got denied night shift job credit quit old job discriminated idk go trans woman poor credit disability cant sleep without intrusive thought feel nauseousdisoriented high blood sugar idk tempting…,2022-08
Cayleigh_2020,1,mentalhealth,2022-05-08 03:16:53,feel like people made watching,normal,2022-05
eremit098,1,mentalhealth,2021-08-19 11:33:19,venting little bit honestly,,2021-08
excision99,1,depression,2020-03-02 07:50:37,od,took tylenol trying cure depression need people talk people distract,2020-03
alonewithmythaughts,1,depression,2019-11-14 21:38:29,star,star calling want join,2019-11
anonymoussader,1,mentalhealth,2020-11-10 13:18:39,dont wan na live anymore im afraid die,im tired living hate college much hate everything hate cant cope everything hate weak,2020-11
silvermoondancing,1,mentalhealth,2022-04-21 03:19:37,need help,tldrneed help finding help mental issue hey ive going bad time past monthsanxiety depression fun wondering body suggestion regarding mental health apps like betterhealth work one better another tried going worki work healthcare go well im sure adhd therapy meditation basedsit still quiet mind sit couldnt shut mind apparently schedule problem couldnt accommodatedo none patient work full day schedule people referred help text set appt fell way actually get anybody phone probably need medication unfortunately reservation regarding medication want actually see talk someone agree anything apps dont work anyone known program might la county area help appreciated thank reading far,2022-04
StarliteWings,8,depression,2019-03-11 10:50:28,ended buying new shoe today attempt start becoming independent,shoe utterly destroyed decided go buy new pair know doesnt sound like much extreme dependency problem lack motivation depression would normally something id never able guess good first step towards becoming independent working problem,2019-03
Odin-Sluggo,1,SuicideWatch,2020-04-11 05:22:01,cant hang anymore,cant focus hobby couple friend always feel like burden health insurance go back therapy cant get couch bed day even pay crumb attention kid never kidsto late life nothing short utter misery emotional abuse poor partner choice drug addiction alcoholism physical abuse mental illness poverty poor time management poor money management cant everyone always say strong want scream face strong reason made poor choice kid knowing damn well couldnt afford take care selfish idiot mention never felt alone empty life today good day day good day see grey nothing live,2020-04
00idontknow,1,lonely,2022-02-15 11:29:59,got nothing vd,valentins day school organized little cute thing could write nice message buy rose someone would receive class really nice everyone looked hyped saw many ppl friend partner telling much loved usual stuff last day class brang lettres rose class saw everyone receive somethings lover friend really bitch really received absolutely nothing like girl aroubd like giggling letter flower sitting looking like like even care habing lover something like damn one even friend thinking writing something nice,2022-02
FamoousGenocidor13,1,SuicideWatch,2021-10-03 11:43:32,anyone else feel way,,2021-10
FroggoWife,1,mentalhealth,2021-07-25 16:14:04,need help finding psychiatrist,hi quick context situation recently moved california oklahoma former psychiatrist cant prescribe medication anymore im running low ive tried look around affordable doctor help im also struggling lot mental b right im trying see may something depression idea would help thanks advance,2021-07
Chinesecheese_cake,1,SuicideWatch,2019-11-17 22:42:17,parent love red heartemoji,everyone get weary cry low mood flat face gloomy life except parent always understand support love dark time might express word prayer,2019-11
goatsareill,1,mentalhealth,2020-10-28 07:43:52,cant stop scratching face,since ive habit picking skin used arm digressed chest back face well im dont feel like stop getting point scar face becoming noticeable make feel terrible lead scratching ive read replace another hobby idea scratching really help momentarily feel better negative feeling anyone advice please let know would greatly appreciated,2020-10
MoparMan831,1,lonely,2022-05-02 20:47:10,homesick depressed,hey guyshope great weekendso…i live oregon two year anniversary living august grew santa cruz california miss every day lately home able think magical placei mean truly left heart real friend hun touch quite time stay busy work related stuff understandable often feel like happiness far behind eternity loneliness positioned good work hour weektherefore time even think going meet new people anything spontaneous even much dream would like seem find comfort sleeping spending time dog even much given situation miss home non stop constantly hour day day week southern oregon hour half ocean opposed growing two minute walk away beach miss waking fresh salty breeze flowing open windowthe sound seagullssea lionsthe late night early morning fog…watching surferssailboatsstingrays swimming close shore going wharf amazing warm bowl clam chowder took drive oregon coast month ago disappointed long drive one thingbut atmosphere got million small aspect made experience enjoy pleasant fact journey made depressed heart remains back home hour drive bad mean something take time conquer whenever please mission get back soon watch video almost nightly youtube watch listen wave crash upon cliff west side listen laughter couple child absolute time life walking boardwalk one time downcast face sweatemoji watched said video typing broke tear needed somewhere vent hoping help bit hope great monday,2022-05
AshleyJames_,1,Anxiety,2021-09-09 23:14:50,looking take multi vitamin wondered worth taking omega,feel like get vitamin need diet daily multivitamin help also heard omega good overweight health problem wondered would good waste money making sure get vitamin might help anxiety way feel,2021-09
amifat1917,1,SuicideWatch,2019-12-06 12:40:28,end near,im ending month sister wedding done prolly go detergent suicide since shouldnt painfull hope reach better place really dont feel home,2019-12
yoyoacab,1,SuicideWatch,2021-01-29 11:11:28,stop thinking get university,please excuse badly written worded feel really rn got back math grade semester idea might get university seems real right thinking past couple month would get one choice thing left suicide everyone around way smarter good enough grade get school desire yet barely anything cry anxious day idea getting rejection letter disappointing family,2021-01
PookiiBear,1,SuicideWatch,2019-09-03 03:15:56,im really frustrated,feel like life uphill battle year back younger brother killed ive always anxiety constantly dip depression realization struggling much hadnt always bothered dropped school struggled year manipulative figure life lot bad decision recently found way go back school ive picking always feel lonely dont feel like talk anyone life point none make feel better talking always make feel pathetic many people life give terrible advice way support make feel worse month im really behind rent terrified evicted feel like im going ruin anything ive tried build past year dont know keep holding family care guess wouldnt want hurt im aware reason isnt really working anymore worse feel less reason hurt matter constantly think hurting regular basis dont think thing ever line work,2019-09
Psychological-Grab19,1,lonely,2022-07-12 22:05:37,woman source happiness men care much modern life become depressing dont show compassion anymore,,2022-07
Sickologyy,1,SuicideWatch,2019-06-12 01:57:38,help need someone talk wont hurt,anyone willing listen,2019-06
captainrushingin,1,lonely,2020-11-01 18:28:24,yo male think anxiety depression maybe quarter life crisis whatever im really falling apart dont know get together,,2020-11
thrwwawayyyy,4,mentalhealth,2019-08-06 00:52:15,suicide help,ok know grammar way construct sentence general gon na seem kinda bad cause im smartest person whatever recently ive struggling quite fair bit self mainly mental health struggled depression suicide past sent hospital attempt time got bout year issue cause become anxious paranoid everything everything toll ive noticed recently depression made way back suicidal thought long also tonight quite bad im much worried im gon na anything self tonight dont think im worried im gon na get even im good bout year know gon na come back think lot recently loneliness much relationship like gfbf friendship human interaction general weird year ago used fairly popular guy always friend talk hang day sleep play game whatever year ago fine online friend anymore one one message one talk asks play game anything im always one asking gotten point interaction people family thats quite little dont get wrong family amazing people dont think fault idk im kinda ranting b probs doesnt matter whatever idek im really posting idk cry help whether want interaction idk guess im depressed idk im back pit year ago cant get like feel like loser gon na get better feel free add input want im blabbing dont really know im saying anyway,2019-08
BushSage23,1,lonely,2021-01-22 17:23:26,get overly attached end pushing people away,,2021-01
Komoe_shota,1,depression,2021-10-31 12:50:13,male suicide,im currently reading boy crisis warren farrell didnt know suicide rate high calculated male suicide rate reduced rate woman kill would measurable good world found used cure cancer woman constitute seek help prevent suicide men constitute commit suicide one factor contributes lack study male suicide national association social worker study suicide relates woman asked reported theyre funding allowed study girl american association suicidologys director lamented much would like lead charge finding boy kill try go get funding funding come caring caring produce political pressure creates funding id like anyone feel depressed read book offer strategy prevention insightful information perhaps enough people read book recommend friend society start care stay safe,2021-10
msloislane,1,lonely,2021-06-02 23:05:50,alone,five year relationship basically cut everyone guy single walked away someone nothing belittle problem take energy think miss anyone else life know good broke heart walk away feel alone even year since spilt best friend moved away started new job form social life friend really struggling normal thing feel difficult age meet new people find life painful feel much see around relationship big group friend alone feel like one want would notice,2021-06
hollithrowaway,1,SuicideWatch,2021-06-01 03:46:41,got birthday today thousand people internet telling die,lmaooo,2021-06
EerySpaghettimonster,1,depression,2021-11-15 18:10:19,feel empty,everyones pretty much gone ive either pushed away stopped talking dont know much longer endure seriously think suicide almost everyday say bad getting fast thing keeping isolating school ive graduated really dont know ill life plan get job studying korean im good enough write letter ill send die,2021-11
Tlb87,2,SuicideWatch,2019-04-05 04:12:28,sure work,ive bought cubic foot bottle nitrogen cyberweld flow regulator go lpm im em field plan using non rebreather mask hooked bottle much like oxygen tank ive looked web found couple case people used method everything ive read would pas second less prob gone within minute worry somehow ripping mask tank somehow ran dead im left severe brain damage thought,2019-04
quessi,1,lonely,2021-08-13 04:34:15,venting word vomit,say without sounding ridiculous well feel lonely even though close friend however dont talk much used adore cross mind theyll leave know theyre young adult working trying figure im unmotivated unhappy im going biggest battle ive gone life something wouldnt even wish worse enemy im restricted pretty much anything outside make feel even lonelier dont friend true friend age highschoolers enjoying youth friend making memory feel like even battle happened life people didnt really consider real friend wouldnt talked ghosted tell thing feel guess invisible people like ever find group people actually call friend honest im usually jealous envious kind person im kind jealous fact cousin friend go hangout mean im always hearing theyre going mall party others house etc make realize lonely dont friend im tired like bad im going im going definitely worse feel isolated many way wish different wish normal normal thing feel like youth robbed mom say im missing anything know thats lie know dont knowi guess im trying say wish people could call friend wasnt alone read dumb post end thanks appreciate dont anyone life could talk thought maybe would understand thats okay maybe im feel think actually facing reality truth dont know anyways hope good day night,2021-08
TheBlackSwarm,1,mentalhealth,2021-08-19 14:03:55,looking something feeling uncertain,,2021-08
SpringPeeper13,1,Anxiety,2021-04-19 04:11:53,lorazepam doesnt work,given prescription lorazepam help snri withdrawal social anxiety snri withdrawal make panic attack general anxiety lorazepam seems help feel helping know working,2021-04
Gillybelly,1,mentalhealth,2020-01-19 10:46:03,boyfriend blame assure otherwise,suicidal thought past im sure chance occurring future however im concerned boyfriend reaction shown concern cause depression sadness lately assured isnt case caught bad slump im better im worried future major depressive episode feel suicidal hell blame even though literally best thing life depression understand anxiety also hard quell suggestion discus another depressive episode truly assure mess chemical brain,2020-01
bigplugoxy30,1,depression,2019-04-03 18:31:01,join whatsapp group link meet proffessional vendor painkillerssleeping tabsgrowth hormonebodybuilding supplement etcexplanations take many discussion product related,,2019-04
spinach2point0,9,Anxiety,2019-05-21 19:08:14,anxiety make need pee urgently feeling make anxious turn make need pee even get cycle,past year struggled really badly anxiety always worrier another level dont often leave small town live push go comfort zone try thing used enjoy urge take im people feel totally trapped situation need pee cant leave dont want cause scene make people think acting sort completely taking life im regularly miss thing terrified needing pee make terrified im going accident feel though im losing control completely im aware issue fairly common anxiety tried cbt kept giving exercise already trying without success year im currently taking beta blocker help marginally bad cant anything im tired living life indoors giving thing want fear anyone success story getting cant live rest life like,2019-05
gvcgg,1,SuicideWatch,2022-03-16 06:49:53,tommorow birthday want kill,hour turning seems young feel like living long tired last year also wanted die thing become worse since brother comitted suicide one person ever known cared dream hope playing along telling long life live great thing enough money wanted move take even cared enough stay realised alone world lonley tired feel like time go fast also drag long weird feeling least feel something feel either empty angry everyone want die certainly live anyway,2022-03
King_of_the_settlers,1,Anxiety,2022-03-04 23:51:01,anxiety disorder change body reaction psychoactive substance,recently diagnosed agoraphobia due experience panic attack chronic anxiety ive noticed react much strongly influence coffee cigarette condition started necessarily negative way feel influence intense body ive drinking coffee long time never experienced kind reaction unless consumed large dos normal cup feel like strong rush energy creates tentions strong really limit self one cup situation really need know anxiety disorder change way brain release hormone ive never thought would implication magnitude somebody similar experience could tell theyve done controle reaction,2022-03
Mr_Chuybacca,1,Anxiety,2020-03-12 21:44:22,ive set free feel ive trapped state mind long cant let go,clinically im almost sure sort anxietyparanoia disorder thought accidentally something thought someone took wrong way never confronted scared pretty much taken good part daily stress made hard even feel normal time well huge wild accusation one affected family asked turn year hell torture nothing im perfectly clear like knew time way thinking make believe im still timeout cant let go want happy,2020-03
Surtur22,1,depression,2021-12-22 15:00:49,wont read,english first language dont know contnue living lo mu family love doesent understand house month get anxious thought going outside also time replying message friend love feel like burden month isolation stopped studying finally year trying got course liked lost motivation also gained lot weight thing made hate body even going psycologyst looked good like rest abandoned chirtsmas obligated yo family reunion interact people cause lot pain tried talk family know depression dont belice know want know really sad painful memory apropiate responde get dont think axious sad get angry sad person feel like burden lot time find wishing didnt exist thing stop pain would cause family dejar wathever side dont know much thing hola lot intrusiva thought thinking would good oportunity continously heard call void feel screaming dont know im wrting wall text doesent matter anyone end without answer like time tried im year old already feel like thrown away life one friend girlfriend house plano go university really smart exremelly good artist play videogames watch tube day reduce te probabilty thought without useful habilites nevera fallen love ir girl abandoned study time already worth continúe living dont know im wont get better improvised wrote thing came mind go sleep,2021-12
Extreme_apathy_late,1,Anxiety,2020-04-07 11:26:07,separate reality illness,began spiral control anxiety sort moment realized thing panic werent true saw spiral asked could use evidence found convince someone else theyd confused probably laugh flimsy something helped helped ease little separate reality illness start meltdown comment normal reality symptom illness freaking something reality anxiety im hoping help someone time feel little bit ease open talk anyone stay safe,2020-04
ceriselune,1,SuicideWatch,2020-12-29 19:44:53,dont want live,dont bad life im selfish inconsiderate blahblahblah dont want live life chore even isnt bad still want nothing ever enough dont want live dont know kill take little money run tell psychiatrist dose break man ever loved break heart goddamn reason feel trapped want free want alive death feel like freedom dont know,2020-12
4GNA,1,SuicideWatch,2021-11-01 16:04:01,wish could see late,year hard time living life suicide thoughtsattempts depression young age girlfriend would say soulmate bestfriend lover let go truely love love couldnt put hard postition mental illness didnt want live life guy like thinking taking life without knowing last didnt want worried time thing go downhill wouldnt fair ended tell didnt love anymore didnt tell mental illness suicide thought knew would stayed knew fact make life worst true got worst ever since broke im relief doesnt know anything mental issue try love people tried date past year nothing could compared tho love never truely love believe one year mind still truth dont think live much longer mental illness anymore wish could see see beautiful woman become want know shes well would probably foolish possible might forgot might aswell try reach probably best never knew suicde illness would nice know shes well end peace,2021-11
imgayandveryhungry,1,mentalhealth,2020-03-01 09:16:25,like,im either super happy depressed feeling emptyness like much going around know upset im im meh dont know way describing im never suicidal im depressed usually im feeling empty friend drifting away mom drinking grandpa year live sister think center everything important person world everything revolve around know rant place dont feel like talk anyone thats put,2020-03
Alone_Health4778,1,depression,2022-03-10 05:18:06,nothing failure,feel there nothing good come life failed countless time school talking college make want die friend feel exhausted household witnessed go happy hopeful kid piece shit person constantly pessimistic inconsiderate care hurt even im aware action cant stop difficult ive made promise would stop living gave young age abt remember sobbing feeling like dying floor blabbering hopeless felt would ever work far hasnt nothing changed long keep trying change there still dark thought head ill fail keep starting tiring motivation hobby lost interest thing made happy ambition plan sort future see nothing feel empty dont find purpose repeating cycle want feel better people care hard,2022-03
IronSlinga,1,lonely,2020-11-12 12:26:36,slingas interlude,wish someone talk wish wasnt alone hate pushed everyone knew away going hate walked away even chose street ever known dont know ill end know ill go hopefully warm place call home enemy get pray im gone,2020-11
nobeernocare,1,mentalhealth,2021-02-19 14:35:43,anyone experience felt therapy working,tried therapist past year tell seem like relatively okay session usually turn talking random thing really getting much return maybe suggestion thing like help organized something every therapist say okay yet know pretty messed say pretty messed comparing trying look thing go head feeling action lack action way approach society people etc would say ideal normal person told last person seeing think may kind bipolar mentioned something sociopathic trait kind got nothing back yeah said slightly joking tone defensive started post thinking would easy describe obviously guess trying figure need try therapist find completely different route maybe difficult patient told probably every shrink seen wish real could get hypnotherapy peter ended office space,2021-02
jessewolf23,1,Anxiety,2021-11-18 04:53:46,intuniv anxiety,hello bad anxiety adhd doctor try intuniv combat anxiety mostly wanted see anyone good experience,2021-11
ironwoman-btw,1,Anxiety,2021-03-30 22:17:43,im laying bed wide awake anxious slightly long car ride take place next week ugh,im laying bed thinking drive home next week im hour half east home staying mountain friend cant stop thinking terrifying ride home downhill curvy ride home freeway cant stop thinking getting accident dying even leaving another week jesus christ ive always really bad anxiety come control vehicle im driving im perfectly okaybut someone else behind wheel im absolutely terrified ugh anyone else want sleep cant stop thinking car rolling time killing something need help lol,2021-03
askingquestions5555,1,Anxiety,2022-05-27 03:55:23,valium everyday anxiety,hi everyone mother bad generalized anxiety function well enough daytoday go work etc everything feel like end world saying insensitive agrees want feel peace single child focus energy try help honestly caused really bad anxiety keep focusing away college leaf little emotional energy relationship call several time every single day hysteric tried med nothing seems work besides valium like night day taken past actually conversation without going tear needing console next hour got prescribed valium daily doctor recently read daily much taken often legitimately help allows enjoy life instance itd okay take everyday indefinitely story read online worried help much thanks advice input,2022-05
HolyDruid,1,depression,2022-01-20 10:39:48,find energy get stuff done,,2022-01
anon82828399,1,lonely,2022-08-13 02:33:42,deprived sex physical touch sometimes get urge rape pretty woman see hate,lonely lossless virgin never gf never really female friend even hugged twice girl best feeling world deprived physical touch affection time girl get urge touch rape say touch necessarily mean want like grope really put hand thigh hold hand etc random girl would creepy yet urge sometimes find self trying touch girl making seem like accident feel something urge rape really want sex believe rape wrong necessarily get idea forcibly sex woman would much rather consensual sex someone love back idea raping woman vile find attractive way however find deprived physical connection sex see pretty woman brain get idea going raping feel something every time thought hate see self evil creep know lonely need physical touch romantic connection deprived come creep woman heard girl talking friend saying creepy think wrong,2022-08
exhaustedMidas,1,SuicideWatch,2022-05-28 03:42:37,came help want help,came help feeling low instead community supporting hoping saw bunch hopeless individual desperately want help queer unfortunately american none bother feel like need help someone talk please reach deserve exist let community,2022-05
exaltedjudgement,1,lonely,2022-02-28 00:22:07,make friend find girlfriend,im dont really irl friend dont fit class soccer team cuz im bit introverted dont talk much someone got know would probably find interesting consider decent looking fuck ton interesting hobby like writing reading making visual effect coding soccer etc usually dont bad intention every time there potential friendship hard time opening anything fitting start fresh asked parent thing pretty much got shamed,2022-02
alibaabyxo,1,Anxiety,2022-04-20 13:15:47,help,kinda bumped head wall like temple dont remember temple bit head hurting barley hit bumped make symtoms apperar worrying anxiety overthink peoole hit head harder right give reassurance,2022-04
Miseriology,1,Anxiety,2022-05-16 11:12:41,feeling good,actually getting sick… mind feel heavy foggy headache feel one coming afraid scared people honestly tried calming playing game watching movie nothing helping time like binge,2022-05
RayT3rd,1,lonely,2021-08-02 13:02:37,youve got friend,song stuck head like song say whoever youve got friend im yo guy may much need somebody listen somebody distract world around im person song good though make want watch toy story start,2021-08
darxii,1,SuicideWatch,2019-11-29 03:32:37,panic attack earlier wrote suicide note,diagnosed mdd gad im mental health issue panic attack earlier thing came mind kill probably overreacted felt hurt telling felt felt like rejected send emoji know probably overwhelmed probably busy still felt hurt guess could take anymore time ive feeling like everyone hate didnt want go outside anymore guess added fuel fire next session psychologist next month dont really know still handle im sorry venting something shallow thank taking time read,2019-11
SeparateTwist,1,SuicideWatch,2019-02-03 06:52:47,thinking suicide cuz cant take anymore,invaluable everyone thinking killing xb im university student kind introvert often people dont want talk dont know brings found searching suicide past week dont many friend coz girl fd xb chapter start sadness sad story began relocation born raise country foreign country went really good high school future bright cuz could gone well known university xb sudden parent decided move city u last year high school coz didnt graduate shinny high school ended damn local public high school disappointed since arrived senior year rarely made friend high school felt lonely upset wasnt choice hated city people rude unhelpful everything like mess xb chapter high school one high school told anything getting college people class aimed attend community college instead local university didnt want attend local university either since mediocre thought came u would chance dream college california let call ucx xb wrong family poor outofstate tuition kept enrolling given cost year family income year surrendered went local university xb chapter jobless desperate integrated community still learned drive time get job however none history foreign country relevant got blank resume comparing local people got job history since early high school year wasnt offered job accurately seldom offered interview man wasnt picky applied kind position retail stock associate cashier dish washer name sent almost application time jobless period lasted year xb chapter fuck university student university laid back mind class surfing could hardly came across handful good professor entire life didnt get much support parent afforded tuition tough life also drove social life well wasnt really welcomed people didnt want talk cuz wasnt speaking fluent english lonely xb major civil engineering university asking u take lot extra mainly history city lab shit wanted lower gpa mine got affected bit xb still havent given dream attending ucx applied transfer time junior senior gpa major thought getting time spent month working essay wasnt serious filling application life xb ended disappointment told chance given california community college student failed gpa bad mediocre university residence wasnt california xb chapter tomorrow wrapping graduation last semester seen enough friendlie messedup city want leave engineering major take exam called fe feel like university wasnt preparing u struggling uh time management balance assignment study uh work xb also applied many company california got three response period like back jobless situation couple year ago among three one zoom interview thought good disagreed declined xb dont know many chance left theyre open xb chapter ending end felt lost hope people city year every day lived sadness loneliness frustration trying really hard community yet leaving desirable felt one city care one california want xb invaluable dont care one responds one ever read said wanted xb maybe suffering come end,2019-02
Rentali,8,lonely,2019-07-12 22:06:46,yeah idk,wish friend stick around one seems day know turn people absolutely one ever interested even family keep trying get touch old friend interested either,2019-07
mateoelreal,2,Anxiety,2019-10-03 05:57:09,often contact someone met,hi person many friend extrovert anything like met girl building think kinda little bit spark though think like first impression e really nice really huge fan texting know often contact since study require another city time day visit see often anxious unnecessarily text used feel like may overwhelming texting often kinda think may think interested really disperses mind day suffer anxiety said keep thinking lot advice well received,2019-10
Ok_Radish9966,1,Anxiety,2021-01-08 19:26:46,anxious depression anyone,usually flair overnight feel something really wrong verge death yet depressed careanyone else chance feel,2021-01
four-lokos,1,SuicideWatch,2021-05-04 17:26:23,anxiety severe recently almost killed last night,hello apologize small rant want burden friend anymore anxious mess recently want give break little info hate change graduating college week everything completely crashing think ready start job month review glassdoor job pretty negative best offer got feel like need time prepare life moving new city know anyone alone support system worried since working lot able meet people guess also worried facing without partner make feel like never find anyone stayed last night woke anxiety kept night shaking vomiting hyperventilating seriously considering killing deal stress change anxiety ready handle bill going alone forever free time get fired job get overwhelmed single forever life bleak million question head function know work ledge know sound stupid minor literally know cope,2021-05
gabeburks,1,depression,2021-02-03 08:24:20,need help,feel like constantly drowning want someone save even people try nothing help life stolen dismantled many time handle first went prison crime commit lost dream job girl friend found purpose always wanted help people started company dedicated helping people life work stolen turned cash grab many people constantly counting everyday got ta talk someone suicide atleast bare thought fact facing promise let people die enough feel like holding weight world everyday killing stop people die half school tell reason alive need get much mental break down everyday trying stay afloat anymore experienced thing people never experience seen many friend die know terrified find holding gun head nobody save time stare bottle pill give relief think take one extra sad anymore would somewhere cloudy nice anymore,2021-02
woubhul9,1,depression,2020-02-08 20:32:49,im drunk rn,,2020-02
whatsiteisitfor,1,Anxiety,2021-09-29 06:43:46,house selling anxiety buyer loan got declined closing canceled,gf spent past several month hauling as sell house tomorrow supposed closing day hour ago loading last thing move state got phone call realtor saying closing longer happening buyer get loan thirty day get loan secured thirty day telling us… much shock anxiety numb also surroundings feel soft blurry like encased jar cloud maybe dissociating,2021-09
Whatsanillinois,3,Anxiety,2019-07-20 11:50:06,frequent anxiety attack staying composed work,past week anxiety really started show ive felt lot depressed lately since week ago relationship ended always past year hasnt gotten nearly bsd basically ive anxiety attack pretty frequently mostly laying bed around yesterday attack work struggled stay composed work full time dont much free time relax even something enjoy im filled overwhelming grief find real enjoyment know sure part come term whats stressing emotionally still got bad really dont want anxiety attack work people dont seem like one would understand im scared theyll think,2019-07
yassfish,1,depression,2020-12-13 14:43:59,ive made mother cry,hear cry asks wrong tell always hurt say make life difficult think thing ive done spite whether im alive dead cause pain im child deserved,2020-12
Sabes1607,1,mentalhealth,2021-03-03 09:55:55,stress attack,hey everyone title thread somewhat vague really think better way describe ever since year ago sort mental attack period intense stress happens everything around becomes somewhat blurry like know lose focus time wandering around deeply world usually happens shortterm memory becomes bad time literally would ask mom time day would eat dinner night feel like mentally physically exhausted muscle hurt keep stressing prevents sleeping properly attack like time longest week long anyone recognize,2021-03
dorkybandersnatch,1,depression,2021-01-11 20:20:47,trigger warning pls dont read youre ok,way kill one self painless quick way without use equipment like gun also um please recommending drink bleach since heard painful im sorry im picky im trying make life easier dying make harder ever survive ive got antidepressant many need take overdose otc med overdose im sorry,2021-01
uPlaneee,1,Anxiety,2021-11-02 00:03:21,coughing amd anxiety,wondering anyone else experience anyone else get nagging cough anxious past week anxiety level high coughing lot sometimes also gag dry heave morning anyone else experience reduce,2021-11
Lutzia_,1,Anxiety,2021-09-24 17:51:19,friend sent unqualified school psychologist psychiatrist,note school psychologist country lime teacher low level course psychiatrist told friend general anxiety disorder he aware action cause anxiety bad gave med psychiatrist made diagnosis one session friend quite fast fast diagnosis think med gave neurol escitalopram suggested try therapy physiologist within treatment dont know think one fast session person shruggingemoji,2021-09
Owl_Towl,1,Anxiety,2019-10-22 13:22:48,make friend work,got new job couple month back im hard time fitting ive always bit hermit struggled connecting people make friend tend really engage interest connect better people seem dont even give time day even talk thing theyre interested id work really long time getting job social anxiety failing graduate university connecting others would really help feel great sense job security moment think everyone could conspire terrifying though fear kept working long validated,2019-10
broken_mind1,1,mentalhealth,2020-08-21 22:26:04,overwhelming desire someone wont let,,2020-08
AllisonWonder,1,Anxiety,2022-01-28 14:01:54,obsessively worry boyfriend drinking… help,sure explain without coming though constantly drunk feel though issue boyfriend drink socially friend see time week finishing college currently hope moving next year graduate problem minute say drunk get anxious happens every maybe every week almost always friend drink generally concerned physically protect way live together quite yet night friend without enjoy time drink socially help grow anxious help think thing could go wrong cloud thought point start associate friend drinking true always drink however like tease boyfriend tell tall tale night blackout drunk done stupid thing obviously worry help association feel though could handle blackout drunk long protect way trust friend wholeheartedly even though know let anything bad happen really know cope talked boyfriend know get worried talk feel controlling sense telling live life feel though ruining time friend act like obviously surface layer could never explain complexity entire relationship love overall know feeling anxiety problem really anyone life suffers general anxiety like feel like need advice people understand ideal world would ever drink least drink intention drunk around know cope night know drunk potentially blackout drunk without physically sedate anxiety,2022-01
StoneTempleCats,0,lonely,2021-08-14 01:00:19,im almost year old female never relationship real friendship,turn next month feel like there something wrong ive never actual relationship serious long distance never met never first kiss anything never even held hand romantically low self esteem feel attractive enough someone love even fun personality dont friend either talk people online arent type people really talk anything ive never actual friend person never hung anyone never slumber party went mall eat etc anyone always sheltered growing wasnt allowed much remember moving neighborhood neighborhood kid always played outside looked fun remember begging parent let play even one kid knocked door asked could come play parent wouldnt allow overprotective almost mom question dont go im social friend completely oblivious sheltered around already became much loner gave trying social person instead went online couldnt find im talking met cool people cool people friend come go dont really right one online im truly close dont feel like im normal mom even say wish normal thing friend even though reason didnt friend growing isnt one take responsibility know im adult choice mak friend im damn shy anxious think worst possible scenario head im afraid rejection tried making friend school people never really wanted friend sat alone lunch time sometimes would put head cry felt undeserving friendship felt worthless stopped eating lunch felt like didnt deserve eat eventually developed eating disorder im still dealing today one wanted one wanted friend even would make first move felt unwanted long day finally meet someone lean tell everything tell everything others back others save haven long day finally meet special someone share life want whenever theyre want pick want long day lover come home greet warm hug kiss long day get curl next favorite person cuddle long day whenever im sad cry chest make better whenever theyre sad cry mine maybe living fantasy land maybe unlovable undeserving,2021-08
nikkyx3,1,SuicideWatch,2021-08-25 20:54:12,first girlfriend left extremely easy,march th year met girl game going college lot free time lived kilometer away planned see may th asked date amazing month started drift apart started working problem depressed year trauma involving love always made clear better get involved knew sometime something bad going happen happened yesterday morning asked happy relationship didnt answer said needed talk long day got home pm told everything felt end broke hadnt cried year yesterday couldnt sleep cry im going difficult time mother asthmatic contracted covid im relapse several anxiety attack im really giving everything needed much moment easy deliberately said wouldnt give anything even though made clear would fight whole world dont blame people abandon worst possible time im sharing dont anyone else talk goodbye sorry ive long time reason put shit shes anymore part died yesterday,2021-08
tanzim_rahman_,1,mentalhealth,2020-06-17 06:15:02,guy control overthinking,im yr old overthink every single thing cause great deal anxiety,2020-06
kiloocd,1,depression,2019-01-13 21:32:53,goodbye,please take care family away longer job trial gone become much become much much burden family friend even random acquaintance wish best luck im sorry messed weak impossible deal love put much pushed far life wonderful job daughter wonder dont need around hope friend continue help shit see action selfish reality may continue hurt family done redemption sit drink last beer know well,2019-01
Select-Active-6988,1,Anxiety,2022-05-31 04:25:02,getting worried monkeypox,keep hearing airborne asymptomatic transmission happening kinda start spinning control im kinda worried anyone good news recent outbreak,2022-05
questions98765432,8,Anxiety,2019-09-02 01:38:44,new dog anxiety move forward,lot researching planning preparing finally got dog ive wanting year shes rescue dog month old super sweet overall well working minor thing come xb problem im well anxiety usually mild last day since getting extremely high dont usually panic attack last hour nd much worse st taking care hasnt challenging im overwhelmed anxiety dont know keep moving point need admit much still transition period u know time might help hear taking month people panic even xb anyone else help share worked,2019-09
comesatnight507Yt,1,mentalhealth,2022-06-13 18:44:26,need help,im feel like im depressed cant ask parent see could go therapy need help wan na know im reacting depressed could someone maybe help could dont wan na feel dumb asking depressed parent,2022-06
bibisleep,1,Anxiety,2019-11-25 17:15:19,significant react see really bad anxiety panic attack,hate anxiety boyfriend embarrassing know feeling extremely intense outside quiet zoned trying avoid panic attack know say sit phone pretend happening moment get frustrated acting like think actually sure would want instead even know tell asks would help guy deal anxiety,2019-11
throwaway_sksksksksk,1,SuicideWatch,2020-11-11 09:50:58,hate dont know,ramble vent mobile idk even right place point dont care hate everything hate hate thing say hate thing think hate thing everytime something sit zone cringe wish could someone else im sick hate subject even though chosen favourite subject fucking hate miserable feel ashamed every single piece work hand like dont want associated friend think great school moment spend much time work distract thought hanging top railing loft bed hate body feel like im third person underwater goddamn time everythings muffled blurry outside interpretation like untrained dog walking dog keep pulling lead cant stop keep barking cant stop hold give people sheepish look walk day lead might break one day dog might bite someone fuck know metaphorical say something immediately cringe think fuck say keep quiet hate perceived im fucking embarrassing anyone bother interacting reason done feel ungrateful opportunity given parent dissatisfied shit none make sense sorry better tomorrow,2020-11
Fyrekatt80,1,SuicideWatch,2021-05-13 14:14:40,family,little year ago brother died suicide year younger passive thought dying wanting die since teenager since plan brushed prior brother death mom passed away previous year couple year go hit bad spot high anxiety marriage falling apart time plan forming drew bath got hugged knee chest rocking back forth mind screaming get knife downstairs continued sob rocked back forth woke ex husband came see wrong told hide knife need go hospital best friend another friend u went hospital hospital worked safety plan way know getting bad frustrating passive feeling wanting die time frankly annoying hell sometimes tell brain shut work time insistent dad last immediate family member stepmother adore hold story toddler baby doozies teen year still dad go way alone frightens crap,2021-05
chatteaux84,1,lonely,2022-05-11 05:24:02,feeling lonely without reason,really good friend whenever need gf love appreciate heart family love always end feeling lonely depressed matter dont understand missing life feel like,2022-05
throwawasdfbricked,1,SuicideWatch,2021-10-19 16:27:28,confession,,2021-10
Born_Championship425,1,SuicideWatch,2021-09-18 03:03:12,hi need help idk handle,hello dont know feel failure ive searching job find one lot debt graduated collage last year working shitty job quit bos devil paid little think made worst decision cant find new job need money asap idk studied hard life ive thinking cant find job september end ill kill pd ive always deppresive person im broke go therapy ive wanting kill year mother mentally unstable dont want feel bad im tired living others need advice idk anymore im really scared desperate thanks nice day,2021-09
AnonymousNeverKnown,1,depression,2021-10-31 12:42:58,depression different youre black,,2021-10
SnowhiteDrop,39,lonely,2019-06-30 17:54:48,feeling less lonely im alone locked room im around people,dont know explain hoping someone could relate ´⊃｀） know dont fit norm many physical psychological aspect whenever im outside feel judged hated excluded others outsider im actually alone want much fun dont even time notice solitude people think im broken constantly isolate way around isolate outside world break,2019-06
johnnypencilpusher,1,depression,2021-12-26 14:10:29,ssri help ex,hey question regarding ssri treating depression anxiety ex struggled depression anxiety pretty much whole life especially bad lately tried buspar past help prescribed mg prozac couple month ago taking week ago issue really help depression gave apathy point even cry allow feel positive feeling know everyone different want know generally one ssri help others even chance working kind nothing usefulnonuseful effect entire ssri class drugs… another unlikely help consider asking doctor wellbutrin likely make anxiety worse thank response worried hoping seeking medication help,2021-12
gagadeepweb,1,Anxiety,2021-09-21 09:41:33,feeling empty anxiety symptom,hello diagnosed bipolar disorder english first language try best make understood sorry mistake last week experiencing symptom look like maniahypomania overthink stuff feel irritated feel like physical sensation emptiness like literally void stomach relax couple week sometimes feel heart rate high time like emptiness bother much anyone ever felt way,2021-09
TheFlyingSouthergirl,1,lonely,2022-01-05 22:20:55,ugh im feeling depressed,,2022-01
Electric-Slee,1,Anxiety,2021-06-07 02:47:44,ran buspirone prescription im nervous,ive taking mg day buspirone month help reduce anxiety combo bupropion depression ive particularly anxious recently due intense emotional thing happening felt like least surviving physical symptom normally debilitate thanks part medication however really hard time still lot try let anxiety take taking care following routine really hard heightened anxious state despite knowing important thing helping feel better add anxiety start getting upper hand start self sabotaging like crazy yesterday waited til way later day take med normally couldnt get bed didnt eat til way late day ate way much caffeinated smoked bunch weed try numb feeling ended falling asleep taking evening dose buspirone woke super early remembered didnt thought id least take come find pill took yesterday last one pharmacy refill ready yesterday told could go pick today well turn pharmacy closed today im sol til tomorrow already really shit time anxiety im definitely worried going send spiraling even dont trust keep thing make worse know day half missed dos ive missed dose since started taking med anxiety depression im pretty new trying medication im worried effect taking cold turkey even short time going despite pretty low dose one advice word reassurance much appreciated,2021-06
